{
  "run_date": "2026-05-27",
  "council_instruments": [
    "DXY",
    "EURUSD",
    "AUDUSD",
    "NQ",
    "GC",
    "CL"
  ],
  "total_cost_usd": 0.12543036679999997,
  "spent_today": 0.12543036679999997
}