{
  "run_date": "2026-05-06",
  "council_instruments": [],
  "total_cost_usd": 0.028177995,
  "spent_today": 0.028177995
}