{
  "run_date": "2026-05-11",
  "council_instruments": [
    "EURUSD",
    "AUDUSD",
    "GC",
    "CL"
  ],
  "total_cost_usd": 0.5404600360000001,
  "spent_today": 0.5404600360000001
}