{
  "run_date": "2026-05-07",
  "council_instruments": [
    "EURUSD",
    "AUDUSD",
    "NQ",
    "GC",
    "CL"
  ],
  "total_cost_usd": 2.042705797000001,
  "spent_today": 2.042705797000001
}