{
  "run_date": "2026-05-13",
  "council_instruments": [
    "DXY",
    "EURUSD",
    "USDJPY",
    "ES",
    "NQ",
    "GC",
    "CL"
  ],
  "total_cost_usd": 0.7085147570000001,
  "spent_today": 0.7085147570000001
}